,adventitial cell,cardiac muscle cell,cell of skeletal muscle,fibroblast/mesenchymal stem cell,melanocyte,mesothelial cell,pancreatic stellate cell,pericyte cell,schwann cell,smooth muscle cell,stromal cell,tendon cell,acinar cell of salivary gland/myoepithelial cell,basal cell,basal cell of prostate epithelium,bladder urothelial cell,ciliated cell/lung ciliated cell,ciliated epithelial cell/epithelial cell of uterus,club cell/type i pneumocyte,club cell of prostate epithelium/hillock cell of prostate epithelium/hillock-club cell of prostate epithelium,duct epithelial cell/serous cell of epithelium of bronchus,duodenum glandular cell,enterocyte of epithelium of large intestine/enterocyte of epithelium of small intestine/intestinal crypt stem cell of large intestine/large intestine goblet cell/mature enterocyte/paneth cell of epithelium of large intestine/small intestine goblet cell,goblet cell,hepatocyte,immature enterocyte/intestinal crypt stem cell/intestinal crypt stem cell of small intestine/transit amplifying cell of large intestine,intestinal enteroendocrine cell/paneth cell of epithelium of small intestine/transit amplifying cell of small intestine,intestinal tuft cell,intrahepatic cholangiocyte,ionocyte/luminal epithelial cell of mammary gland,keratinocyte,kidney epithelial cell,luminal cell of prostate epithelium,medullary thymic epithelial cell,mucus secreting cell/secretory cell/tracheal goblet cell,pancreatic acinar cell,pancreatic alpha cell/pancreatic beta cell,pancreatic delta cell,pancreatic ductal cell,pancreatic pp cell,pulmonary ionocyte,respiratory goblet cell/respiratory mucous cell/serous cell of epithelium of trachea,salivary gland cell,type ii pneumocyte,b cell,basophil,erythrocyte/erythroid progenitor,hematopoietic stem cell,innate lymphoid cell,macrophage,mast cell,mature conventional dendritic cell,monocyte,myeloid progenitor,neutrophil,nk cell,plasma cell,plasmablast,platelet,t cell,thymocyte,endothelial cell,r,rmse
sample3-NUSVR-nu=0.05-C=0.1,-0.0033774854783726943,-0.0004686424434529237,-2.168404344971009e-19,-0.002250831886067379,-7.686684397728094e-05,0.0013240889084216922,-0.002660845846863106,-0.009570546505191457,0.0015619228559034908,-0.007352016714049948,-0.0005468805837545807,-0.027029143618423186,-0.008539653371452259,0.013053522592022696,-0.02524799611166711,0.011399140914829641,0.0024445378993908484,0.008690553542594532,-0.014016941242580721,-0.006550083463928203,-0.0082637043274103,-0.006354173096247624,0.001717999686016233,-0.00960702630996987,-0.028192380674397933,0.002250244789636025,0.008811636937427684,0.002477036451553099,-0.00640163782115435,-0.001009162516677476,6.505213034913027e-19,0.011834813404135457,-0.006996785265954658,-0.004393105405714967,-0.006493941456201734,-0.0015407905820709195,-0.016490353459019617,0.02244981641365414,-0.01418358834684804,-0.00019825901174900986,-0.01244576129442325,-0.005588471019271448,-0.00390194994650251,-0.020452278863537954,-0.01429843848341042,0.00992991344524896,0.0026560980593833237,0.06491535403990192,-0.0099191991158382,0.08818231293444403,0.03650326667258919,0.012165107673154447,0.11434492379488732,-0.0090354338388074,0.10866243714884026,0.10695679597528596,-0.006079367832004228,-0.0009627072617474355,-0.015065890984451318,-0.0031222876109737174,-0.011091551443075331,0.05618089523355594,0.8547793042243234,0.5379520514137258
sample3-NUSVR-nu=0.1-C=0.1,-0.00744300043454616,-0.001332623138407324,-5.609044854153261e-05,-0.002018853150487417,-0.0022244211334897764,-0.008692351521381807,-0.0070857086091638145,-0.013120429254160149,0.028250279955287467,-0.021015306248521732,0.01501664076263243,-0.0337926862567446,-0.006720099151132099,0.03660058297333202,-0.04917998519236743,0.036191617320796274,0.014492189368620633,0.032367707893669294,-0.02492589856667888,-0.002934747868986378,-0.014477689030870993,-0.01691377398063007,0.02663457356191061,-0.013593756653575328,-0.048191686806071894,0.00864321841213531,0.032489167052897935,0.0226051486585839,-0.017604309208818298,-0.0019112632347057493,-6.270188894140461e-05,0.032081196661428266,-0.009990286346576324,-0.01108710233671035,-0.003718535380367934,-0.005807347417173873,-0.03583236828006738,0.028096693765856377,-0.03256781709816018,-0.005704472363624579,-0.02260469759066613,-0.010957987077670223,-0.0058435044749995365,-0.046481058415916314,-0.0021383181694630484,0.004424075960245099,0.016130432973512653,0.1034277237582985,-0.03034067545089243,0.12749308707355508,0.04856398967159361,0.03429701505736622,0.1723968120847905,-0.0017812805239104047,0.15959552025933557,0.15480858072962056,-0.01834065179962004,-0.0062386386485497915,-0.031823405792329194,0.001585403092281411,0.013751091642397548,0.08490730625628916,0.852891996582447,0.572651957797374
sample3-NUSVR-nu=0.15-C=0.1,-0.015010030127706284,0.0002687800128817983,0.01596147403478562,-0.006641173706984152,0.006431335808051458,-0.013206862426792124,-0.010831115767968523,-0.0041986068012691315,0.06387573273921111,-0.02634066992445236,0.03782595503588146,-0.03643120199585361,0.001361543739835036,0.04613348816075817,-0.062183882220317836,0.04587505670602218,0.01526293408711157,0.04403364151612255,-0.016292850808795105,-0.006077413109064995,-0.019684115411609374,-0.03598380115784813,0.039874843758953074,-0.015935221321842975,-0.07361909107012005,0.009058498055311427,0.04075979463264166,0.0286491754453974,-0.03193533152163253,-0.007226175283972858,-0.0011995723105693837,0.03773066669431596,-0.0012236918157681235,-0.004807263795747868,-0.008224326813521915,-0.000727885001062615,-0.05088601731358137,0.02594545396741625,-0.039826799264141254,-0.016648256926332917,-0.03937951825899689,-0.01910184611099472,-0.003962142816942639,-0.05563504390553114,0.01096058835772039,0.009738669684420597,0.03508203761154998,0.12267098046216536,-0.05030877219757287,0.13607978424177336,0.05162338336698047,0.04070239869559408,0.1995683162341945,0.024032796845716704,0.17927616451284442,0.17577599512844516,-0.02264344475811493,0.010629884844877063,-0.04317327467824483,0.013032079355519754,0.0552209557481745,0.09435782993114265,0.8302051024867092,0.6237014575322372
sample3-NUSVR-nu=0.25-C=0.1,-0.015394815689740831,-0.005714514169220579,0.028689045599301185,-0.009912488111068953,0.009030927125568595,-0.011155954346217505,-0.019054986728147892,-0.007504366724060802,0.09514729564736135,-0.025959028663679582,0.044570342440790466,-0.04626431622502021,-0.0014933278665904069,0.04801259472779572,-0.06549133367855023,0.049941488955681755,0.01937019556170402,0.05445914796865562,-0.017066929965307856,-0.007254436933434143,-0.025246266127647268,-0.055134688272060674,0.05893904382014913,-0.020077020648754357,-0.11433878930380147,0.00773122412776009,0.04017502955344016,0.03659374810655234,-0.042153512658077055,-0.008142171433745272,0.011280779295690295,0.049117686194940155,0.016392472597268518,-0.0004059165092619907,-0.01775166206858774,0.006406539545831961,-0.05311787257141928,0.014802308843984428,-0.04010542761453072,-0.0227044603720701,-0.05188790961585632,-0.02695751936086207,0.006456948729539557,-0.06022729746549613,0.0153282937433614,0.010231133252027756,0.04328106338950526,0.1423438326813945,-0.06907396879817476,0.13728146854576243,0.051607303896371824,0.03812998762784755,0.2189167562213665,0.03603263476002393,0.19312711134346905,0.18978893881481218,-0.02831640040432377,0.023100387241670864,-0.05042753307721754,0.04274492137476666,0.08367576044908882,0.09469796974584754,0.8061017501530174,0.6612601929180183
sample3-NUSVR-nu=0.5-C=0.1,-0.01538476441109189,-0.005740079187812638,0.02873240544474817,-0.009919749892293937,0.009043635464230254,-0.011119707492422097,-0.019103100345217568,-0.007529822864740004,0.09528919638434208,-0.025960796545521407,0.04457812177171994,-0.04630076971843444,-0.001510029708648551,0.04800437240934231,-0.0654793205396147,0.04995100277920304,0.01939757960630988,0.05449703315698671,-0.01707789477708489,-0.007252126956235495,-0.025260152822325733,-0.055213136948208404,0.05904142013025713,-0.020090456431990464,-0.1145480293844879,0.0077324162417554045,0.0401512075582178,0.036625881631756244,-0.042190721438139595,-0.00814654019440399,0.01137551919099037,0.049179747223621596,0.016495208404703744,-0.00038913776421556053,-0.01779431223296192,0.006448918377123264,-0.053106643486805855,0.014764159783935941,-0.04008841410481591,-0.02272534413674109,-0.05192757842256556,-0.026983433154228763,0.006503431696480655,-0.06024529003590355,0.01532256445324305,0.010235186301791939,0.043272976301949935,0.14243018699975535,-0.06915189825719377,0.13729358094015903,0.05161086957430359,0.03809756899760016,0.21902241970907868,0.03604234834547928,0.1932113674712165,0.1898757917465317,-0.028358484753624947,0.02313348003029111,-0.050463866959935606,0.042897810474737154,0.08380231273778815,0.09472795789190028,0.8059930208763241,0.6614082624368762
sample3-NUSVR-nu=0.6-C=0.1,-0.015374462453790285,-0.005724619783765372,0.02874227993663055,-0.00991332727930624,0.009047718077115373,-0.011131588186728197,-0.01908489730068293,-0.0075337228269647515,0.09525517402227253,-0.02594439060836709,0.04457175848753278,-0.04627870857459761,-0.0015104687394002913,0.04802112174831564,-0.06549367947832695,0.04996431774040755,0.01940300697175345,0.05450567702050435,-0.017083480025491773,-0.007250206539049448,-0.02525537903485301,-0.05519356699168616,0.05902596359130938,-0.020092918088945148,-0.11451491685135673,0.007746830175771895,0.040163172329612605,0.03661885827416044,-0.042174292276351166,-0.008125779630052782,0.011372756714968535,0.049187595318720925,0.016470010171781145,-0.0003832701529626857,-0.017787669260938523,0.006456605124804379,-0.05311324527919633,0.014759542942748918,-0.040087005991354036,-0.022712327776856268,-0.05192447828508508,-0.02696980630325445,0.006518683197500034,-0.0602391245551167,0.015306011666391194,0.010220022081916498,0.04329041164591755,0.14242123124757855,-0.06913714720160766,0.13728858007402114,0.051620612512905506,0.03810193898891712,0.21900185181750867,0.03604342210937635,0.1931933457060112,0.18985480304800453,-0.028335994810491944,0.023137295683877217,-0.05045845303195643,0.04288137944811118,0.08373786953257896,0.09470346007553021,0.8059726728578992,0.6614169309207454
sample3-NUSVR-nu=0.75-C=0.1,-0.01537581830460168,-0.005733689253025651,0.0287379066732806,-0.009912695610183295,0.009046215824081223,-0.011123006163945959,-0.019093642204587757,-0.007524234807368874,0.09528294236963357,-0.025942038858263915,0.04458726291182533,-0.04630160736556505,-0.0015111328618508501,0.048012530584260305,-0.06548682988249939,0.04995703172421906,0.01939580399347018,0.054502661228291505,-0.017076887243435503,-0.007254289435742883,-0.02526757921554471,-0.055206970500194505,0.05904214196802942,-0.020103349340093037,-0.11454464630411529,0.007737902902383387,0.04015702616058559,0.036623208466734565,-0.042187191361422335,-0.008136955950960855,0.011378582358160815,0.04918307725769499,0.016472963106201412,-0.00038493691307529864,-0.01779651024385782,0.006447640697499368,-0.053113709325735316,0.014761278526902798,-0.04009001427158156,-0.022719131711745146,-0.05193186710745982,-0.026979784702301418,0.006511191292267159,-0.06024447301767191,0.015303765823390386,0.01022959752508598,0.04328635923394578,0.14243243716442486,-0.0691445568075309,0.13729686844802702,0.05162126891347691,0.03809648798881834,0.21902367093698955,0.0360478090990282,0.1932120767236185,0.1898732197592035,-0.02834666694578666,0.02313714980773126,-0.05046994578338763,0.042898032132467526,0.08378479902837874,0.09472453716892738,0.8059794894261771,0.6614163535561046
sample3-NUSVR-nu=0.8-C=0.1,-0.015375818304601717,-0.005733689253025654,0.028737906673280612,-0.009912695610183316,0.009046215824081221,-0.011123006163945959,-0.01909364220458777,-0.00752423480736885,0.09528294236963357,-0.025942038858263884,0.044587262911825375,-0.04630160736556485,-0.001511132861850822,0.048012530584260325,-0.06548682988249938,0.04995703172421907,0.019395803993470188,0.05450266122829149,-0.017076887243435472,-0.007254289435742864,-0.02526757921554472,-0.055206970500194526,0.059042141968029434,-0.020103349340093057,-0.1145446463041154,0.007737902902383392,0.040157026160585606,0.036623208466734565,-0.04218719136142237,-0.008136955950960836,0.011378582358160826,0.049183077257694975,0.016472963106201378,-0.0003849369130753288,-0.01779651024385781,0.006447640697499348,-0.05311370932573536,0.014761278526902817,-0.040090014271581584,-0.022719131711745184,-0.05193186710745982,-0.0269797847023014,0.006511191292267124,-0.06024447301767197,0.015303765823390292,0.010229597525085987,0.043286359233945776,0.14243243716442486,-0.0691445568075309,0.13729686844802702,0.051621268913476896,0.038096487988818345,0.21902367093698955,0.03604780909902822,0.19321207672361854,0.1898732197592035,-0.028346666945786702,0.023137149807731267,-0.0504699457833877,0.04289803213246755,0.08378479902837879,0.09472453716892745,0.805979489426177,0.6614163535561046
sample3-NUSVR-nu=0.85-C=0.1,-0.015375818304601729,-0.005733689253025613,0.02873790667328058,-0.009912695610183325,0.009046215824081274,-0.011123006163946025,-0.019093642204587764,-0.007524234807368758,0.09528294236963351,-0.02594203885826391,0.0445872629118254,-0.0463016073655649,-0.0015111328618508083,0.048012530584260346,-0.06548682988249944,0.049957031724219086,0.019395803993470143,0.05450266122829147,-0.017076887243435434,-0.007254289435742897,-0.02526757921554472,-0.05520697050019449,0.05904214196802934,-0.02010334934009306,-0.11454464630411522,0.007737902902383385,0.04015702616058564,0.03662320846673451,-0.04218719136142238,-0.008136955950960815,0.01137858235816076,0.04918307725769495,0.016472963106201336,-0.00038493691307528997,-0.017796510243857804,0.006447640697499369,-0.05311370932573541,0.014761278526902882,-0.040090014271581605,-0.022719131711745198,-0.05193186710745979,-0.026979784702301363,0.0065111912922670686,-0.060244473017671926,0.015303765823390379,0.010229597525085942,0.04328635923394582,0.1424324371644248,-0.06914455680753079,0.13729686844802702,0.05162126891347689,0.038096487988818345,0.2190236709369895,0.036047809099028244,0.19321207672361848,0.18987321975920343,-0.028346666945786678,0.023137149807731235,-0.05046994578338772,0.042898032132467394,0.08378479902837878,0.0947245371689274,0.8059794894261773,0.6614163535561046
sample3-NUSVR-nu=0.05-C=0.25,-0.011148121384771238,-0.0007004774639328743,0.008075257513381551,-0.0034360210087456384,0.0004451364481123754,-0.011288857199545485,-0.008352890697472989,-0.008260370115252536,0.04609331436188527,-0.022262746573813743,0.028253341585301874,-0.036077731039726106,-0.002068074399758274,0.04151273757877515,-0.055167198402337615,0.04164400254149485,0.014961168153519446,0.03883611629469929,-0.020704276865740633,-0.0038262640972148935,-0.018162765357366516,-0.02602038298153173,0.03528501059918689,-0.016597885028477616,-0.06032716351491313,0.009061338497275322,0.03751267658963693,0.02657168875557326,-0.024745532421071532,-0.004599734824301433,-0.0007115040027425249,0.033962517225056464,-0.009863207287354717,-0.009384108496945692,-0.005577192884929271,-0.0052394751948132735,-0.044095949728831824,0.026199041747606677,-0.03735278278343875,-0.011029607086097641,-0.0312539315075628,-0.015460306946195811,-0.005281661735961198,-0.05287235640564572,0.0023328642716923965,0.006978826983251915,0.026399925398064197,0.11272520594875865,-0.041087407333415864,0.13319283621222347,0.05049062981394462,0.03848504892307769,0.1863868423776494,0.011612431781132066,0.16998214707510267,0.1648806280267591,-0.020558919438031793,0.0015645585255172631,-0.038612189499284494,0.007260955287539796,0.035378759982151814,0.09174314736678826,0.8428554581345655,0.5990167492122088
sample3-NUSVR-nu=0.1-C=0.25,-0.015391047372737375,-0.005723285096327216,0.028721656996988067,-0.00990250072700611,0.0090273172651464,-0.011118274769058228,-0.01907363075695283,-0.007471084558930579,0.09523761912615392,-0.025908393145480817,0.04460927934993711,-0.04628123689253039,-0.0014775261460477887,0.04798993578374609,-0.06544454435551439,0.049933838117397336,0.019373679411892508,0.05446330800591847,-0.017032135709723003,-0.007234147647707681,-0.02525577098755442,-0.055160788315988044,0.05901498754725625,-0.02010390738143619,-0.1144677200442356,0.007737581413542723,0.04015990310990241,0.03660596131219286,-0.04216336097494266,-0.008115419825632655,0.011339502833940685,0.04911795333461351,0.01640732731732426,-0.00039950132021513796,-0.017765238058362883,0.006426639668355417,-0.05310743588423662,0.014783764020426507,-0.040075165604945666,-0.022717748530144608,-0.0518867705808865,-0.026949347537337145,0.006468192521900288,-0.06023379070194125,0.015261993168601244,0.010254684125469794,0.04328879966437656,0.142374156805905,-0.06907231432686772,0.13727881181504548,0.051605377909495126,0.038099273658186814,0.21894917612785572,0.036056704294071665,0.1931501751070095,0.18980914144576563,-0.028339807187633865,0.023120457615910923,-0.05046373863125189,0.04282637993512921,0.08379290713833454,0.0947653685999159,0.8060068491303205,0.661376352312547
sample3-NUSVR-nu=0.15-C=0.25,-0.015391047372737393,-0.00572328509632721,0.02872165699698811,-0.009902500727006125,0.00902731726514643,-0.01111827476905822,-0.019073630756952852,-0.007471084558930562,0.09523761912615396,-0.02590839314548079,0.04460927934993713,-0.04628123689253012,-0.00147752614604779,0.047989935783746086,-0.0654445443555144,0.049933838117397336,0.01937367941189251,0.05446330800591847,-0.017032135709722968,-0.007234147647707676,-0.025255770987554434,-0.05516078831598808,0.05901498754725629,-0.020103907381436203,-0.11446772004423579,0.00773758141354273,0.040159903109902424,0.03660596131219285,-0.042163360974942665,-0.008115419825632601,0.011339502833940725,0.04911795333461352,0.016407327317324288,-0.00039950132021511703,-0.017765238058362914,0.00642663966835546,-0.05310743588423664,0.014783764020426499,-0.04007516560494564,-0.022717748530144622,-0.051886770580886504,-0.026949347537337145,0.00646819252190027,-0.060233790701941264,0.01526199316860113,0.010254684125469787,0.04328879966437658,0.142374156805905,-0.06907231432686771,0.13727881181504542,0.05160537790949514,0.038099273658186765,0.21894917612785575,0.036056704294071665,0.1931501751070095,0.18980914144576566,-0.02833980718763389,0.02312045761591095,-0.05046373863125195,0.042826379935129257,0.08379290713833458,0.09476536859991591,0.8060068491303206,0.6613763523125471
sample3-NUSVR-nu=0.25-C=0.25,-0.015413754678145443,-0.005740172021283185,0.028760324430857503,-0.009911635077243597,0.008996054543621948,-0.011124199208609412,-0.019078689813663462,-0.007505283738859722,0.09525384433533995,-0.025915186448580797,0.044568941687333725,-0.04622049160362413,-0.0014850952241622424,0.04797362465930429,-0.06545421744339634,0.04993058465423863,0.0193860791213951,0.05446193142855148,-0.017046853075836452,-0.0072160982471214385,-0.02522937540470563,-0.055156987541508495,0.059011454502368554,-0.020092011157022947,-0.1145311199193655,0.007748961627493352,0.0401634797948631,0.03660868266918887,-0.04212931173909868,-0.008073650722949617,0.011324641510858238,0.049109922573382474,0.016435696077605966,-0.0004012140624325494,-0.017767501144181318,0.006467520839595645,-0.05309624425124077,0.014744845776835847,-0.04004861754195838,-0.022704121441949714,-0.05188421072925719,-0.02694261518618748,0.0064829384038688695,-0.06024172627114544,0.015232120739172053,0.010262180077653218,0.04330813833046495,0.14240900530525255,-0.06906655702758203,0.13730637296380843,0.051607480258185866,0.03809818706680138,0.2189711397453626,0.03605654800893305,0.19317065256764335,0.1898247756832037,-0.02833667365203561,0.0231422548426386,-0.05043946220557356,0.042806295304628594,0.08376538784445338,0.09478227898574937,0.8060168182142217,0.661365285408146
sample3-NUSVR-nu=0.5-C=0.25,-0.015384764411091895,-0.00574007918781255,0.028732405444748154,-0.009919749892293965,0.009043635464230357,-0.011119707492422115,-0.019103100345217554,-0.007529822864740006,0.09528919638434195,-0.025960796545521525,0.04457812177171996,-0.046300769718434304,-0.001510029708648492,0.04800437240934234,-0.06547932053961472,0.049951002779203044,0.019397579606309886,0.05449703315698669,-0.017077894777084893,-0.007252126956235546,-0.025260152822325712,-0.055213136948208424,0.05904142013025704,-0.020090456431990394,-0.11454802938448772,0.007732416241755414,0.040151207558217765,0.03662588163175618,-0.04219072143813965,-0.008146540194404125,0.011375519190990393,0.0491797472236216,0.016495208404703737,-0.0003891377642155578,-0.01779431223296189,0.006448918377123249,-0.05310664348680592,0.014764159783936038,-0.040088414104815985,-0.02272534413674114,-0.05192757842256558,-0.02698343315422877,0.006503431696480601,-0.060245290035903565,0.015322564453243148,0.010235186301791918,0.04327297630194985,0.14243018699975524,-0.06915189825719388,0.13729358094015903,0.05161086957430359,0.038097568997600195,0.21902241970907868,0.036042348345479244,0.19321136747121653,0.1898757917465318,-0.02835848475362497,0.02313348003029109,-0.050463866959935634,0.04289781047473712,0.08380231273778806,0.09472795789190018,0.8059930208763241,0.6614082624368762
sample3-NUSVR-nu=0.6-C=0.25,-0.01538082207064764,-0.005751209872073928,0.028762630522108354,-0.00990116762554366,0.009011791130687655,-0.011134369491918652,-0.019098897973504347,-0.007499373514347659,0.09534681008533154,-0.025901280703390137,0.04460869400559894,-0.04632686724524466,-0.0015092610683586447,0.04800111034349723,-0.06549497731621579,0.04995728852932674,0.019390573743720777,0.054504095052831894,-0.017063443899061236,-0.007234420150578189,-0.02527459808983878,-0.055200673713667804,0.05907990726788918,-0.020138486202998303,-0.11460128727350301,0.007751038034570363,0.04017568332760323,0.03663325088066795,-0.042166527731691376,-0.008077588063684856,0.0113758161255845,0.04916620755887202,0.016448637198741397,-0.0003838987279924768,-0.017805286670877538,0.006467197835965516,-0.05312562686281766,0.014715574460666814,-0.0400691181405858,-0.02270904673834672,-0.05192860314906094,-0.026964231315990884,0.006518205543063607,-0.06024867409918351,0.015259040403685052,0.010221200798229104,0.04333321300716112,0.1424564428384512,-0.0691010735880953,0.13728180749551672,0.05161308009871844,0.03808202650132115,0.21900471631758692,0.03607826664936352,0.1931880201027414,0.18983527211600293,-0.028341114115236123,0.02313806591131564,-0.050484228024819805,0.04288326098782761,0.08384267551459157,0.09474446123360233,0.8059274085678609,0.6614737878322486
sample3-NUSVR-nu=0.75-C=0.25,-0.015375818304601718,-0.005733689253025627,0.028737906673280567,-0.009912695610183394,0.009046215824081284,-0.011123006163945997,-0.019093642204587813,-0.0075242348073688795,0.09528294236963337,-0.025942038858263967,0.044587262911825264,-0.046301607365565316,-0.0015111328618508525,0.04801253058426033,-0.0654868298824994,0.04995703172421906,0.019395803993470177,0.05450266122829148,-0.01707688724343551,-0.007254289435742927,-0.02526757921554472,-0.055206970500194574,0.059042141968029316,-0.020103349340093023,-0.11454464630411511,0.0077379029023833396,0.04015702616058553,0.03662320846673448,-0.04218719136142244,-0.008136955950960933,0.011378582358160846,0.04918307725769499,0.016472963106201416,-0.00038493691307532607,-0.017796510243857824,0.006447640697499347,-0.05311370932573537,0.014761278526902913,-0.04009001427158164,-0.022719131711745253,-0.051931867107459825,-0.02697978470230142,0.006511191292267134,-0.06024447301767188,0.01530376582339052,0.01022959752508596,0.043286359233945707,0.14243243716442489,-0.06914455680753094,0.13729686844802705,0.05162126891347689,0.038096487988818345,0.21902367093698957,0.03604780909902819,0.1932120767236186,0.1898732197592036,-0.028346666945786712,0.02313714980773125,-0.05046994578338768,0.04289803213246756,0.08378479902837863,0.09472453716892733,0.8059794894261775,0.6614163535561044
sample3-NUSVR-nu=0.8-C=0.25,-0.015375818304601743,-0.005733689253025601,0.0287379066732806,-0.009912695610183382,0.00904621582408131,-0.011123006163945983,-0.01909364220458779,-0.007524234807368891,0.0952829423696334,-0.025942038858264006,0.04458726291182529,-0.04630160736556473,-0.0015111328618508239,0.048012530584260346,-0.06548682988249938,0.049957031724219066,0.0193958039934702,0.05450266122829147,-0.0170768872434355,-0.007254289435742918,-0.02526757921554468,-0.05520697050019456,0.05904214196802931,-0.02010334934009298,-0.11454464630411523,0.007737902902383374,0.040157026160585536,0.0366232084667345,-0.04218719136142243,-0.008136955950960947,0.011378582358160843,0.04918307725769499,0.016472963106201454,-0.00038493691307532813,-0.017796510243857804,0.0064476406974993536,-0.05311370932573536,0.0147612785269029,-0.040090014271581625,-0.022719131711745243,-0.05193186710745982,-0.026979784702301418,0.006511191292267089,-0.06024447301767195,0.015303765823390414,0.010229597525085956,0.04328635923394568,0.14243243716442472,-0.06914455680753098,0.13729686844802697,0.05162126891347687,0.03809648798881835,0.2190236709369895,0.036047809099028154,0.19321207672361848,0.18987321975920352,-0.028346666945786733,0.023137149807731277,-0.05046994578338768,0.04289803213246755,0.08378479902837864,0.09472453716892731,0.8059794894261771,0.6614163535561046
sample3-NUSVR-nu=0.85-C=0.25,-0.015375818304601715,-0.005733689253025659,0.028737906673280585,-0.009912695610183295,0.009046215824081216,-0.01112300616394601,-0.01909364220458774,-0.0075242348073688466,0.0952829423696336,-0.025942038858263967,0.0445872629118254,-0.04630160736556502,-0.0015111328618508386,0.04801253058426032,-0.06548682988249949,0.04995703172421905,0.019395803993470136,0.054502661228291484,-0.017076887243435496,-0.00725428943574292,-0.025267579215544723,-0.05520697050019449,0.05904214196802935,-0.02010334934009305,-0.11454464630411519,0.007737902902383371,0.04015702616058564,0.036623208466734544,-0.042187191361422335,-0.00813695595096088,0.011378582358160695,0.04918307725769493,0.016472963106201367,-0.0003849369130752893,-0.01779651024385782,0.006447640697499335,-0.053113709325735364,0.0147612785269028,-0.0400900142715816,-0.02271913171174514,-0.05193186710745986,-0.026979784702301442,0.006511191292267113,-0.06024447301767192,0.01530376582339046,0.010229597525085987,0.043286359233945845,0.14243243716442486,-0.06914455680753089,0.13729686844802705,0.051621268913476924,0.03809648798881836,0.2190236709369895,0.03604780909902825,0.19321207672361848,0.18987321975920346,-0.028346666945786633,0.023137149807731273,-0.05046994578338761,0.04289803213246737,0.08378479902837879,0.09472453716892737,0.8059794894261771,0.6614163535561046
sample3-NUSVR-nu=0.05-C=0.5,-0.015391047372737375,-0.005723285096327216,0.028721656996988067,-0.00990250072700611,0.0090273172651464,-0.011118274769058228,-0.01907363075695283,-0.007471084558930579,0.09523761912615392,-0.025908393145480817,0.04460927934993711,-0.04628123689253039,-0.0014775261460477887,0.04798993578374609,-0.06544454435551439,0.049933838117397336,0.019373679411892508,0.05446330800591847,-0.017032135709723003,-0.007234147647707681,-0.02525577098755442,-0.055160788315988044,0.05901498754725625,-0.02010390738143619,-0.1144677200442356,0.007737581413542723,0.04015990310990241,0.03660596131219286,-0.04216336097494266,-0.008115419825632655,0.011339502833940685,0.04911795333461351,0.01640732731732426,-0.00039950132021513796,-0.017765238058362883,0.006426639668355417,-0.05310743588423662,0.014783764020426507,-0.040075165604945666,-0.022717748530144608,-0.0518867705808865,-0.026949347537337145,0.006468192521900288,-0.06023379070194125,0.015261993168601244,0.010254684125469794,0.04328879966437656,0.142374156805905,-0.06907231432686772,0.13727881181504548,0.051605377909495126,0.038099273658186814,0.21894917612785572,0.036056704294071665,0.1931501751070095,0.18980914144576563,-0.028339807187633865,0.023120457615910923,-0.05046373863125189,0.04282637993512921,0.08379290713833454,0.0947653685999159,0.8060068491303205,0.661376352312547
sample3-NUSVR-nu=0.1-C=0.5,-0.015391047372737394,-0.005723285096327173,0.028721656996988053,-0.009902500727006127,0.009027317265146467,-0.011118274769058228,-0.01907363075695279,-0.007471084558930589,0.09523761912615385,-0.025908393145480945,0.044609279349937137,-0.04628123689253031,-0.0014775261460477573,0.04798993578374607,-0.06544454435551442,0.04993383811739731,0.01937367941189247,0.05446330800591844,-0.01703213570972299,-0.007234147647707736,-0.025255770987554396,-0.05516078831598804,0.05901498754725616,-0.020103907381436113,-0.11446772004423542,0.007737581413542697,0.040159903109902396,0.03660596131219282,-0.04216336097494266,-0.008115419825632814,0.0113395028339406,0.049117953334613454,0.016407327317324274,-0.00039950132021512766,-0.01776523805836286,0.00642663966835536,-0.053107435884236616,0.014783764020426561,-0.04007516560494569,-0.022717748530144608,-0.05188677058088655,-0.026949347537337225,0.006468192521900239,-0.060233790701941244,0.015261993168601403,0.010254684125469852,0.04328879966437652,0.1423741568059049,-0.06907231432686782,0.13727881181504545,0.051605377909495126,0.03809927365818684,0.2189491761278557,0.03605670429407168,0.19315017510700944,0.18980914144576563,-0.02833980718763384,0.023120457615910955,-0.05046373863125184,0.0428263799351291,0.08379290713833454,0.09476536859991584,0.8060068491303206,0.661376352312547
sample3-NUSVR-nu=0.15-C=0.5,-0.015391047372737408,-0.005723285096327196,0.028721656996988136,-0.009902500727006177,0.009027317265146408,-0.011118274769058257,-0.019073630756952824,-0.00747108455893063,0.09523761912615376,-0.02590839314548087,0.04460927934993704,-0.04628123689253066,-0.0014775261460477922,0.047989935783746045,-0.0654445443555144,0.049933838117397294,0.01937367941189248,0.05446330800591843,-0.01703213570972301,-0.007234147647707713,-0.02525577098755439,-0.05516078831598805,0.05901498754725613,-0.020103907381436158,-0.11446772004423539,0.007737581413542699,0.040159903109902355,0.03660596131219278,-0.042163360974942644,-0.008115419825632696,0.011339502833940631,0.04911795333461344,0.016407327317324253,-0.00039950132021513714,-0.017765238058362897,0.006426639668355433,-0.05310743588423661,0.014783764020426486,-0.04007516560494567,-0.022717748530144615,-0.051886770580886525,-0.026949347537337177,0.006468192521900329,-0.06023379070194117,0.015261993168601346,0.010254684125469819,0.04328879966437657,0.142374156805905,-0.06907231432686776,0.13727881181504545,0.051605377909495126,0.0380992736581868,0.21894917612785567,0.03605670429407171,0.19315017510700944,0.18980914144576566,-0.028339807187633795,0.023120457615910993,-0.050463738631251816,0.04282637993512915,0.08379290713833436,0.09476536859991576,0.8060068491303207,0.661376352312547
sample3-NUSVR-nu=0.25-C=0.5,-0.015413754678145356,-0.005740172021283137,0.028760324430857437,-0.009911635077243562,0.008996054543622001,-0.011124199208609409,-0.01907868981366346,-0.007505283738859676,0.0952538443353399,-0.025915186448580745,0.044568941687333746,-0.04622049160362452,-0.0014850952241622565,0.0479736246593043,-0.06545421744339637,0.04993058465423863,0.01938607912139508,0.054461931428551456,-0.017046853075836473,-0.007216098247121485,-0.025229375404705684,-0.05515698754150847,0.05901145450236856,-0.020092011157023023,-0.11453111991936532,0.007748961627493377,0.04016347979486306,0.0366086826691888,-0.04212931173909871,-0.008073650722949651,0.011324641510858328,0.04910992257338248,0.016435696077605855,-0.0004012140624325178,-0.017767501144181352,0.006467520839595618,-0.05309624425124083,0.01474484577683591,-0.040048617541958424,-0.0227041214419497,-0.05188421072925719,-0.02694261518618746,0.006482938403868883,-0.0602417262711454,0.015232120739172073,0.010262180077653157,0.043308138330464895,0.1424090053052525,-0.06906655702758198,0.13730637296380843,0.051607480258185894,0.038098187066801306,0.21897113974536264,0.036056548008933,0.19317065256764337,0.1898247756832037,-0.028336673652035585,0.023142254842638505,-0.05043946220557364,0.04280629530462859,0.08376538784445334,0.09478227898574931,0.8060168182142218,0.6613652854081459
sample3-NUSVR-nu=0.5-C=0.5,-0.015384764411091894,-0.005740079187812559,0.028732405444748192,-0.009919749892293989,0.009043635464230329,-0.01111970749242207,-0.01910310034521756,-0.007529822864740039,0.0952891963843419,-0.025960796545521494,0.044578121771719874,-0.04630076971843468,-0.0015100297086485007,0.0480043724093423,-0.06547932053961467,0.04995100277920302,0.01939757960630991,0.05449703315698667,-0.01707789477708488,-0.0072521269562355216,-0.025260152822325674,-0.05521313694820841,0.05904142013025699,-0.02009045643199036,-0.11454802938448765,0.007732416241755425,0.04015120755821772,0.03662588163175616,-0.042190721438139615,-0.008146540194404084,0.011375519190990412,0.049179747223621575,0.01649520840470379,-0.0003891377642155491,-0.01779431223296189,0.006448918377123291,-0.053106643486805875,0.014764159783936043,-0.040088414104815936,-0.022725344136741137,-0.05192757842256555,-0.026983433154228752,0.006503431696480678,-0.06024529003590347,0.015322564453243193,0.010235186301791974,0.043272976301949845,0.14243018699975532,-0.06915189825719383,0.1372935809401591,0.051610869574303594,0.03809756899760016,0.2190224197090788,0.036042348345479244,0.19321136747121662,0.18987579174653188,-0.028358484753624943,0.023133480030291118,-0.050463866959935585,0.04289781047473714,0.08380231273778796,0.09472795789190025,0.8059930208763243,0.6614082624368761
sample3-NUSVR-nu=0.6-C=0.5,-0.015384764411091899,-0.005740079187812545,0.028732405444748234,-0.009919749892293961,0.009043635464230301,-0.011119707492422137,-0.019103100345217547,-0.007529822864739995,0.09528919638434202,-0.025960796545521497,0.044578121771719936,-0.04630076971843459,-0.0015100297086484608,0.04800437240934231,-0.06547932053961475,0.04995100277920305,0.019397579606309907,0.05449703315698668,-0.017077894777084858,-0.00725212695623549,-0.025260152822325636,-0.05521313694820836,0.05904142013025704,-0.020090456431990377,-0.11454802938448759,0.0077324162417554835,0.04015120755821779,0.03662588163175617,-0.04219072143813956,-0.008146540194404008,0.011375519190990356,0.049179747223621555,0.016495208404703757,-0.00038913776421552437,-0.017794312232961868,0.006448918377123344,-0.053106643486805924,0.01476415978393595,-0.040088414104815916,-0.0227253441367411,-0.051927578422565554,-0.026983433154228718,0.006503431696480686,-0.06024529003590348,0.015322564453243221,0.010235186301791915,0.04327297630194994,0.14243018699975524,-0.06915189825719377,0.13729358094015895,0.05161086957430356,0.03809756899760016,0.2190224197090786,0.03604234834547932,0.1932113674712164,0.18987579174653163,-0.02835848475362491,0.023133480030291108,-0.05046386695993557,0.042897810474737,0.08380231273778807,0.09472795789190018,0.805993020876324,0.6614082624368764
sample3-NUSVR-nu=0.75-C=0.5,-0.015375818304601533,-0.005733689253025639,0.028737906673280442,-0.009912695610183198,0.009046215824081305,-0.011123006163945931,-0.01909364220458765,-0.007524234807368855,0.09528294236963347,-0.025942038858263877,0.0445872629118254,-0.04630160736556517,-0.0015111328618509212,0.048012530584260284,-0.06548682988249944,0.049957031724218975,0.01939580399347006,0.05450266122829147,-0.017076887243435524,-0.007254289435743029,-0.02526757921554481,-0.05520697050019441,0.05904214196802926,-0.02010334934009308,-0.11454464630411502,0.007737902902383321,0.04015702616058555,0.0366232084667345,-0.04218719136142231,-0.008136955950961013,0.011378582358160725,0.049183077257694975,0.016472963106201298,-0.00038493691307521017,-0.017796510243857873,0.006447640697499214,-0.05311370932573526,0.014761278526902852,-0.040090014271581605,-0.022719131711745024,-0.0519318671074599,-0.026979784702301498,0.006511191292267176,-0.060244473017671794,0.01530376582339043,0.010229597525085983,0.04328635923394573,0.14243243716442472,-0.06914455680753086,0.137296868448027,0.051621268913477014,0.03809648798881828,0.21902367093698938,0.03604780909902815,0.19321207672361837,0.18987321975920338,-0.028346666945786518,0.023137149807731242,-0.05046994578338755,0.04289803213246743,0.0837847990283786,0.09472453716892722,0.8059794894261773,0.6614163535561044
sample3-NUSVR-nu=0.8-C=0.5,-0.015375818304601923,-0.005733689253025694,0.02873790667328063,-0.009912695610183578,0.009046215824081175,-0.011123006163946082,-0.019093642204587983,-0.007524234807368607,0.09528294236963326,-0.025942038858263752,0.04458726291182525,-0.046301607365565774,-0.001511132861850825,0.04801253058426028,-0.06548682988249933,0.049957031724218975,0.019395803993470122,0.0545026612282913,-0.01707688724343534,-0.007254289435742807,-0.0252675792155447,-0.055206970500194665,0.05904214196802926,-0.020103349340093134,-0.11454464630411522,0.007737902902383301,0.04015702616058554,0.036623208466734405,-0.04218719136142254,-0.008136955950960574,0.01137858235816083,0.04918307725769477,0.016472963106201336,-0.00038493691307543785,-0.017796510243857828,0.006447640697499431,-0.05311370932573553,0.014761278526902968,-0.04009001427158161,-0.02271913171174547,-0.05193186710745961,-0.026979784702301193,0.0065111912922669445,-0.06024447301767186,0.015303765823390358,0.01022959752508594,0.04328635923394583,0.14243243716442508,-0.06914455680753054,0.13729686844802702,0.05162126891347669,0.038096487988818276,0.21902367093698955,0.03604780909902836,0.19321207672361854,0.18987321975920357,-0.028346666945786848,0.023137149807731194,-0.050469945783387885,0.042898032132467526,0.08378479902837888,0.09472453716892752,0.8059794894261776,0.6614163535561042
sample3-NUSVR-nu=0.85-C=0.5,-0.015375818304601756,-0.005733689253025639,0.028737906673280567,-0.009912695610183455,0.009046215824081256,-0.011123006163946,-0.019093642204587875,-0.007524234807368973,0.09528294236963337,-0.025942038858264217,0.04458726291182517,-0.04630160736556614,-0.0015111328618508109,0.04801253058426022,-0.06548682988249936,0.04995703172421898,0.019395803993470198,0.05450266122829141,-0.017076887243435566,-0.00725428943574292,-0.025267579215544615,-0.05520697050019463,0.059042141968029274,-0.020103349340092908,-0.11454464630411462,0.007737902902383314,0.04015702616058544,0.036623208466734454,-0.04218719136142245,-0.008136955950961127,0.011378582358160815,0.04918307725769488,0.01647296310620152,-0.0003849369130753743,-0.017796510243857814,0.006447640697499325,-0.05311370932573535,0.014761278526902894,-0.04009001427158168,-0.022719131711745295,-0.05193186710745986,-0.026979784702301515,0.006511191292267151,-0.060244473017671815,0.015303765823390963,0.010229597525085982,0.043286359233945554,0.1424324371644248,-0.06914455680753115,0.13729686844802702,0.051621268913476785,0.03809648798881833,0.2190236709369895,0.03604780909902819,0.19321207672361854,0.18987321975920352,-0.028346666945786716,0.023137149807731187,-0.05046994578338756,0.042898032132467456,0.08378479902837871,0.09472453716892719,0.8059794894261775,0.6614163535561043
sample3-NUSVR-nu=0.05-C=0.75,-0.015391047372737394,-0.005723285096327193,0.028721656996988098,-0.009902500727006141,0.00902731726514645,-0.01111827476905822,-0.01907363075695286,-0.007471084558930554,0.09523761912615394,-0.025908393145480796,0.04460927934993715,-0.04628123689253006,-0.0014775261460477885,0.047989935783746135,-0.06544454435551438,0.049933838117397364,0.019373679411892532,0.0544633080059185,-0.017032135709722986,-0.00723414764770767,-0.02525577098755443,-0.0551607883159881,0.05901498754725631,-0.02010390738143618,-0.1144677200442358,0.0077375814135427325,0.040159903109902424,0.03660596131219288,-0.0421633609749427,-0.008115419825632637,0.011339502833940748,0.049117953334613565,0.016407327317324315,-0.0003995013202151256,-0.01776523805836289,0.006426639668355447,-0.053107435884236644,0.014783764020426523,-0.04007516560494565,-0.022717748530144646,-0.05188677058088649,-0.026949347537337142,0.006468192521900253,-0.06023379070194128,0.015261993168601157,0.010254684125469787,0.043288799664376564,0.14237415680590504,-0.06907231432686775,0.13727881181504545,0.051605377909495126,0.0380992736581868,0.21894917612785575,0.03605670429407168,0.1931501751070095,0.18980914144576566,-0.028339807187633913,0.02312045761591095,-0.050463738631251955,0.04282637993512931,0.08379290713833462,0.09476536859991595,0.8060068491303205,0.6613763523125471
sample3-NUSVR-nu=0.1-C=0.75,-0.015391047372737323,-0.0057232850963271804,0.028721656996988077,-0.009902500727006132,0.009027317265146493,-0.011118274769058205,-0.01907363075695282,-0.007471084558930599,0.09523761912615382,-0.025908393145480872,0.04460927934993708,-0.04628123689253067,-0.0014775261460478134,0.047989935783746086,-0.06544454435551442,0.04993383811739731,0.01937367941189248,0.05446330800591846,-0.01703213570972301,-0.007234147647707752,-0.025255770987554434,-0.055160788315988064,0.059014987547256155,-0.020103907381436165,-0.11446772004423542,0.007737581413542712,0.040159903109902355,0.036605961312192785,-0.04216336097494268,-0.008115419825632731,0.011339502833940706,0.04911795333461354,0.016407327317324298,-0.00039950132021507496,-0.017765238058362918,0.006426639668355438,-0.05310743588423663,0.014783764020426547,-0.040075165604945666,-0.022717748530144605,-0.05188677058088654,-0.026949347537337184,0.0064681925219003495,-0.06023379070194114,0.015261993168601383,0.010254684125469796,0.04328879966437653,0.142374156805905,-0.06907231432686778,0.13727881181504542,0.05160537790949516,0.038099273658186765,0.2189491761278557,0.03605670429407168,0.1931501751070095,0.1898091414457657,-0.028339807187633795,0.023120457615910955,-0.050463738631251844,0.04282637993512921,0.08379290713833441,0.09476536859991576,0.8060068491303206,0.6613763523125471
sample3-NUSVR-nu=0.15-C=0.75,-0.015391047372737285,-0.005723285096327055,0.028721656996988084,-0.00990250072700612,0.009027317265146566,-0.011118274769058164,-0.01907363075695279,-0.007471084558930583,0.09523761912615365,-0.025908393145480848,0.044609279349937116,-0.04628123689253067,-0.0014775261460477156,0.04798993578374614,-0.06544454435551433,0.04993383811739738,0.019373679411892546,0.05446330800591849,-0.017032135709722993,-0.007234147647707714,-0.025255770987554396,-0.05516078831598803,0.05901498754725621,-0.020103907381436154,-0.11446772004423522,0.00773758141354278,0.04015990310990231,0.03660596131219274,-0.04216336097494269,-0.008115419825632793,0.01133950283394086,0.04911795333461356,0.016407327317324173,-0.000399501320215133,-0.017765238058362845,0.006426639668355382,-0.05310743588423665,0.014783764020426651,-0.04007516560494571,-0.022717748530144646,-0.05188677058088651,-0.02694934753733715,0.006468192521900348,-0.06023379070194118,0.015261993168601311,0.010254684125469773,0.04328879966437641,0.14237415680590487,-0.06907231432686786,0.13727881181504548,0.051605377909495175,0.03809927365818678,0.21894917612785575,0.036056704294071595,0.19315017510700952,0.18980914144576572,-0.028339807187633823,0.023120457615910906,-0.05046373863125192,0.04282637993512928,0.0837929071383343,0.09476536859991583,0.8060068491303208,0.661376352312547
sample3-NUSVR-nu=0.25-C=0.75,-0.015413754678145352,-0.005740172021283085,0.028760324430857635,-0.009911635077243582,0.008996054543622017,-0.011124199208609405,-0.0190786898136634,-0.007505283738859751,0.0952538443353398,-0.0259151864485807,0.04456894168733372,-0.046220491603624465,-0.001485095224162201,0.047973624659304305,-0.06545421744339631,0.04993058465423867,0.019386079121395144,0.054461931428551505,-0.017046853075836466,-0.007216098247121464,-0.025229375404705618,-0.05515698754150849,0.05901145450236853,-0.020092011157022985,-0.11453111991936524,0.007748961627493408,0.04016347979486305,0.036608682669188784,-0.042129311739098674,-0.008073650722949646,0.011324641510858362,0.04910992257338249,0.01643569607760583,-0.00040121406243251385,-0.01776750114418132,0.006467520839595677,-0.05309624425124081,0.014744845776835824,-0.04004861754195839,-0.022704121441949696,-0.051884210729257224,-0.026942615186187475,0.0064829384038690326,-0.060241726271145386,0.015232120739172041,0.010262180077653189,0.043308138330464985,0.14240900530525247,-0.06906655702758213,0.13730637296380843,0.05160748025818591,0.03809818706680134,0.21897113974536256,0.03605654800893308,0.19317065256764335,0.1898247756832036,-0.0283366736520355,0.023142254842638675,-0.05043946220557356,0.04280629530462867,0.08376538784445314,0.09478227898574922,0.8060168182142216,0.6613652854081461
sample3-NUSVR-nu=0.5-C=0.75,-0.015384764411091845,-0.005740079187812465,0.02873240544474815,-0.009919749892294001,0.009043635464230485,-0.01111970749242216,-0.01910310034521757,-0.007529822864739943,0.09528919638434186,-0.025960796545521497,0.04457812177171999,-0.04630076971843469,-0.001510029708648514,0.04800437240934239,-0.06547932053961478,0.04995100277920305,0.01939757960630985,0.05449703315698669,-0.01707789477708486,-0.007252126956235638,-0.02526015282232577,-0.05521313694820848,0.05904142013025696,-0.020090456431990464,-0.11454802938448747,0.007732416241755407,0.04015120755821773,0.036625881631756084,-0.042190721438139754,-0.008146540194404188,0.01137551919099046,0.04917974722362163,0.016495208404703688,-0.0003891377642155115,-0.017794312232961945,0.006448918377123226,-0.05310664348680602,0.01476415978393609,-0.04008841410481605,-0.022725344136741196,-0.051927578422565644,-0.026983433154228777,0.006503431696480651,-0.060245290035903475,0.01532256445324329,0.010235186301791826,0.04327297630194985,0.14243018699975518,-0.06915189825719388,0.13729358094015887,0.051610869574303574,0.038097568997600126,0.2190224197090786,0.036042348345479286,0.19321136747121645,0.18987579174653169,-0.028358484753624923,0.023133480030291084,-0.05046386695993569,0.04289781047473717,0.08380231273778799,0.09472795789190003,0.8059930208763242,0.6614082624368762
sample3-NUSVR-nu=0.6-C=0.75,-0.015384764411092,-0.005740079187812667,0.02873240544474812,-0.009919749892294022,0.009043635464230287,-0.011119707492422143,-0.01910310034521757,-0.007529822864739884,0.09528919638434204,-0.025960796545521435,0.04457812177172011,-0.04630076971843443,-0.0015100297086485298,0.04800437240934234,-0.06547932053961474,0.049951002779202995,0.01939757960630977,0.05449703315698667,-0.017077894777084792,-0.007252126956235588,-0.02526015282232586,-0.055213136948208535,0.059041420130257004,-0.020090456431990467,-0.11454802938448791,0.007732416241755269,0.040151207558217834,0.03662588163175625,-0.042190721438139775,-0.008146540194404165,0.01137551919099018,0.04917974722362148,0.016495208404703646,-0.0003891377642156076,-0.017794312232961934,0.0064489183771230816,-0.053106643486805966,0.014764159783936078,-0.040088414104816075,-0.022725344136741224,-0.05192757842256564,-0.02698343315422886,0.006503431696480473,-0.060245290035903606,0.015322564453243164,0.010235186301792066,0.04327297630195002,0.14243018699975543,-0.06915189825719384,0.13729358094015917,0.0516108695743036,0.038097568997600285,0.2190224197090789,0.03604234834547945,0.1932113674712167,0.1898757917465319,-0.028358484753625,0.023133480030291195,-0.05046386695993568,0.04289781047473716,0.08380231273778835,0.0947279578919004,0.8059930208763243,0.6614082624368759
sample3-NUSVR-nu=0.75-C=0.75,-0.01537581830460158,-0.005733689253025703,0.028737906673280526,-0.009912695610183212,0.009046215824081185,-0.01112300616394594,-0.019093642204587702,-0.007524234807368943,0.09528294236963351,-0.025942038858263877,0.044587262911825264,-0.046301607365565094,-0.0015111328618509585,0.048012530584260235,-0.06548682988249944,0.04995703172421897,0.0193958039934701,0.05450266122829144,-0.017076887243435576,-0.00725428943574296,-0.025267579215544747,-0.055206970500194394,0.05904214196802931,-0.020103349340093106,-0.11454464630411522,0.007737902902383359,0.040157026160585536,0.0366232084667345,-0.04218719136142222,-0.008136955950960865,0.011378582358160748,0.049183077257694954,0.016472963106201347,-0.00038493691307525603,-0.017796510243857887,0.006447640697499339,-0.05311370932573524,0.01476127852690273,-0.04009001427158153,-0.022719131711745,-0.05193186710745985,-0.026979784702301456,0.006511191292267204,-0.060244473017671815,0.01530376582339033,0.01022959752508596,0.04328635923394575,0.1424324371644248,-0.0691445568075308,0.137296868448027,0.05162126891347697,0.03809648798881825,0.2190236709369894,0.036047809099028084,0.19321207672361845,0.18987321975920335,-0.028346666945786542,0.023137149807731232,-0.05046994578338753,0.04289803213246739,0.08378479902837857,0.09472453716892726,0.8059794894261773,0.6614163535561044
sample3-NUSVR-nu=0.8-C=0.75,-0.015375818304601678,-0.005733689253025623,0.028737906673280217,-0.00991269561018313,0.009046215824081204,-0.011123006163945988,-0.01909364220458768,-0.007524234807368306,0.09528294236963367,-0.025942038858263797,0.04458726291182569,-0.046301607365565524,-0.0015111328618507458,0.048012530584260193,-0.06548682988249947,0.049957031724218885,0.01939580399346983,0.05450266122829119,-0.017076887243435198,-0.007254289435742961,-0.02526757921554481,-0.055206970500194165,0.05904214196802919,-0.02010334934009321,-0.11454464630411472,0.007737902902383359,0.040157026160585675,0.036623208466734385,-0.042187191361422224,-0.008136955950960784,0.011378582358160437,0.049183077257694593,0.016472963106201013,-0.00038493691307524785,-0.017796510243857772,0.0064476406974991775,-0.05311370932573545,0.014761278526903109,-0.04009001427158152,-0.02271913171174505,-0.05193186710745967,-0.026979784702301276,0.006511191292266752,-0.060244473017671746,0.01530376582339034,0.010229597525086082,0.043286359233945824,0.14243243716442472,-0.06914455680753018,0.13729686844802702,0.051621268913476966,0.03809648798881823,0.21902367093698935,0.03604780909902823,0.19321207672361837,0.18987321975920335,-0.028346666945786574,0.023137149807730947,-0.050469945783387725,0.042898032132466686,0.08378479902837924,0.09472453716892773,0.8059794894261776,0.6614163535561041
sample3-NUSVR-nu=0.85-C=0.75,-0.015375818304602041,-0.00573368925302565,0.028737906673280713,-0.009912695610183644,0.009046215824081253,-0.011123006163946196,-0.019093642204587934,-0.00752423480736886,0.0952829423696332,-0.025942038858264037,0.044587262911824965,-0.04630160736556406,-0.001511132861850849,0.048012530584260436,-0.06548682988249956,0.04995703172421911,0.01939580399347026,0.05450266122829138,-0.01707688724343545,-0.007254289435742774,-0.02526757921554446,-0.05520697050019458,0.05904214196802904,-0.0201033493400928,-0.11454464630411552,0.007737902902383404,0.04015702616058567,0.03662320846673443,-0.04218719136142238,-0.008136955950960466,0.011378582358160666,0.04918307725769496,0.016472963106201718,-0.00038493691307537106,-0.017796510243857727,0.0064476406974996875,-0.05311370932573546,0.014761278526902946,-0.040090014271581535,-0.02271913171174539,-0.05193186710745957,-0.02697978470230113,0.006511191292266937,-0.060244473017671954,0.015303765823390325,0.010229597525085876,0.04328635923394586,0.14243243716442497,-0.06914455680753057,0.1372968684480269,0.051621268913476674,0.038096487988818394,0.21902367093698946,0.03604780909902821,0.19321207672361843,0.18987321975920352,-0.028346666945786865,0.023137149807731294,-0.050469945783387704,0.04289803213246731,0.08378479902837842,0.09472453716892736,0.8059794894261774,0.6614163535561043
sample3-NUSVR-nu=0.05-C=1,-0.015391047372737394,-0.005723285096327173,0.028721656996988053,-0.009902500727006127,0.009027317265146467,-0.011118274769058228,-0.01907363075695279,-0.007471084558930589,0.09523761912615385,-0.025908393145480945,0.044609279349937137,-0.04628123689253031,-0.0014775261460477573,0.04798993578374607,-0.06544454435551442,0.04993383811739731,0.01937367941189247,0.05446330800591844,-0.01703213570972299,-0.007234147647707736,-0.025255770987554396,-0.05516078831598804,0.05901498754725616,-0.020103907381436113,-0.11446772004423542,0.007737581413542697,0.040159903109902396,0.03660596131219282,-0.04216336097494266,-0.008115419825632814,0.0113395028339406,0.049117953334613454,0.016407327317324274,-0.00039950132021512766,-0.01776523805836286,0.00642663966835536,-0.053107435884236616,0.014783764020426561,-0.04007516560494569,-0.022717748530144608,-0.05188677058088655,-0.026949347537337225,0.006468192521900239,-0.060233790701941244,0.015261993168601403,0.010254684125469852,0.04328879966437652,0.1423741568059049,-0.06907231432686782,0.13727881181504545,0.051605377909495126,0.03809927365818684,0.2189491761278557,0.03605670429407168,0.19315017510700944,0.18980914144576563,-0.02833980718763384,0.023120457615910955,-0.05046373863125184,0.0428263799351291,0.08379290713833454,0.09476536859991584,0.8060068491303206,0.661376352312547
sample3-NUSVR-nu=0.1-C=1,-0.015391047372737285,-0.005723285096327055,0.028721656996988084,-0.00990250072700612,0.009027317265146566,-0.011118274769058164,-0.01907363075695279,-0.007471084558930583,0.09523761912615365,-0.025908393145480848,0.044609279349937116,-0.04628123689253067,-0.0014775261460477156,0.04798993578374614,-0.06544454435551433,0.04993383811739738,0.019373679411892546,0.05446330800591849,-0.017032135709722993,-0.007234147647707714,-0.025255770987554396,-0.05516078831598803,0.05901498754725621,-0.020103907381436154,-0.11446772004423522,0.00773758141354278,0.04015990310990231,0.03660596131219274,-0.04216336097494269,-0.008115419825632793,0.01133950283394086,0.04911795333461356,0.016407327317324173,-0.000399501320215133,-0.017765238058362845,0.006426639668355382,-0.05310743588423665,0.014783764020426651,-0.04007516560494571,-0.022717748530144646,-0.05188677058088651,-0.02694934753733715,0.006468192521900348,-0.06023379070194118,0.015261993168601311,0.010254684125469773,0.04328879966437641,0.14237415680590487,-0.06907231432686786,0.13727881181504548,0.051605377909495175,0.03809927365818678,0.21894917612785575,0.036056704294071595,0.19315017510700952,0.18980914144576572,-0.028339807187633823,0.023120457615910906,-0.05046373863125192,0.04282637993512928,0.0837929071383343,0.09476536859991583,0.8060068491303208,0.661376352312547
sample3-NUSVR-nu=0.15-C=1,-0.015391047372737257,-0.005723285096327154,0.028721656996988018,-0.009902500727006082,0.009027317265146538,-0.011118274769058223,-0.019073630756952793,-0.00747108455893051,0.09523761912615387,-0.025908393145480782,0.044609279349937164,-0.04628123689253062,-0.0014775261460478243,0.047989935783746135,-0.06544454435551443,0.04993383811739735,0.019373679411892466,0.05446330800591848,-0.017032135709722982,-0.007234147647707747,-0.025255770987554466,-0.05516078831598802,0.0590149875472562,-0.020103907381436203,-0.1144677200442354,0.00773758141354273,0.040159903109902396,0.03660596131219281,-0.04216336097494267,-0.008115419825632691,0.01133950283394072,0.049117953334613565,0.016407327317324277,-0.0003995013202150386,-0.017765238058362914,0.006426639668355402,-0.053107435884236616,0.014783764020426554,-0.04007516560494565,-0.022717748530144577,-0.05188677058088652,-0.026949347537337152,0.006468192521900344,-0.0602337907019411,0.015261993168601367,0.010254684125469746,0.04328879966437658,0.14237415680590496,-0.06907231432686768,0.13727881181504534,0.05160537790949517,0.038099273658186744,0.21894917612785555,0.036056704294071706,0.1931501751070093,0.18980914144576555,-0.028339807187633768,0.023120457615910927,-0.05046373863125187,0.04282637993512922,0.08379290713833451,0.09476536859991569,0.8060068491303207,0.6613763523125472
sample3-NUSVR-nu=0.25-C=1,-0.015413754678145394,-0.005740172021283111,0.028760324430857524,-0.009911635077243639,0.008996054543622033,-0.01112419920860947,-0.019078689813663487,-0.007505283738859745,0.09525384433533983,-0.025915186448580815,0.044568941687333684,-0.04622049160362441,-0.0014850952241622533,0.04797362465930432,-0.06545421744339641,0.049930584654238656,0.01938607912139511,0.05446193142855148,-0.0170468530758365,-0.007216098247121503,-0.025229375404705646,-0.05515698754150855,0.05901145450236849,-0.02009201115702299,-0.11453111991936528,0.007748961627493372,0.04016347979486304,0.03660868266918878,-0.04212931173909876,-0.008073650722949665,0.011324641510858343,0.04910992257338251,0.016435696077605918,-0.00040121406243251835,-0.01776750114418136,0.006467520839595667,-0.05309624425124088,0.014744845776835871,-0.04004861754195846,-0.022704121441949755,-0.05188421072925723,-0.026942615186187485,0.006482938403868932,-0.0602417262711454,0.015232120739172171,0.010262180077653095,0.04330813833046491,0.14240900530525247,-0.0690665570275821,0.13730637296380832,0.051607480258185845,0.03809818706680132,0.2189711397453625,0.03605654800893302,0.19317065256764335,0.18982477568320366,-0.02833667365203559,0.023142254842638568,-0.050439462205573625,0.04280629530462863,0.08376538784445321,0.09478227898574916,0.8060168182142216,0.6613652854081461
sample3-NUSVR-nu=0.5-C=1,-0.015384764411091895,-0.0057400791878125905,0.028732405444748126,-0.009919749892294,0.009043635464230352,-0.011119707492422094,-0.019103100345217575,-0.007529822864739901,0.09528919638434181,-0.02596079654552138,0.04457812177171996,-0.04630076971843472,-0.0015100297086485489,0.04800437240934219,-0.06547932053961461,0.04995100277920285,0.019397579606309723,0.05449703315698651,-0.0170778947770848,-0.00725212695623564,-0.025260152822325802,-0.055213136948208445,0.05904142013025688,-0.020090456431990523,-0.11454802938448758,0.007732416241755307,0.04015120755821761,0.036625881631756035,-0.0421907214381397,-0.008146540194404165,0.011375519190990356,0.04917974722362141,0.01649520840470362,-0.0003891377642155537,-0.017794312232961986,0.006448918377123161,-0.05310664348680592,0.014764159783936026,-0.040088414104815964,-0.02272534413674117,-0.05192757842256561,-0.026983433154228804,0.006503431696480564,-0.06024529003590341,0.015322564453243115,0.010235186301791953,0.043272976301949824,0.1424301869997551,-0.06915189825719373,0.13729358094015887,0.051610869574303525,0.038097568997600036,0.21902241970907846,0.03604234834547928,0.19321136747121637,0.18987579174653157,-0.0283584847536249,0.023133480030291108,-0.05046386695993565,0.042897810474737105,0.08380231273778806,0.09472795789190007,0.8059930208763243,0.661408262436876
sample3-NUSVR-nu=0.6-C=1,-0.015384764411091883,-0.005740079187812479,0.028732405444748237,-0.009919749892293933,0.009043635464230438,-0.011119707492422049,-0.01910310034521754,-0.007529822864739906,0.09528919638434209,-0.025960796545521494,0.044578121771720075,-0.04630076971843467,-0.0015100297086485196,0.048004372409342244,-0.06547932053961492,0.04995100277920297,0.01939757960630971,0.054497033156986556,-0.017077894777084827,-0.007252126956235736,-0.02526015282232583,-0.05521313694820845,0.059041420130256914,-0.0200904564319906,-0.11454802938448781,0.007732416241755425,0.04015120755821766,0.03662588163175596,-0.04219072143813966,-0.00814654019440423,0.011375519190990373,0.04917974722362147,0.016495208404703584,-0.0003891377642154702,-0.017794312232962066,0.006448918377123267,-0.0531066434868061,0.01476415978393617,-0.040088414104816006,-0.022725344136741096,-0.051927578422565825,-0.026983433154228853,0.006503431696480566,-0.06024529003590356,0.015322564453242933,0.010235186301792064,0.043272976301949845,0.1424301869997555,-0.06915189825719384,0.13729358094015948,0.0516108695743039,0.038097568997600036,0.21902241970907943,0.03604234834547921,0.1932113674712172,0.18987579174653238,-0.028358484753624874,0.023133480030291153,-0.05046386695993578,0.04289781047473689,0.08380231273778814,0.0947279578919006,0.8059930208763246,0.6614082624368756
sample3-NUSVR-nu=0.75-C=1,-0.015375818304601463,-0.005733689253025542,0.02873790667328044,-0.009912695610183169,0.0090462158240814,-0.01112300616394584,-0.019093642204587712,-0.007524234807368886,0.09528294236963349,-0.025942038858263974,0.044587262911825444,-0.046301607365565316,-0.0015111328618508558,0.04801253058426022,-0.06548682988249928,0.049957031724218975,0.01939580399347008,0.05450266122829144,-0.01707688724343553,-0.007254289435743076,-0.025267579215544834,-0.0552069705001945,0.0590421419680294,-0.020103349340093123,-0.11454464630411489,0.007737902902383343,0.040157026160585356,0.036623208466734426,-0.04218719136142241,-0.008136955950961285,0.011378582358161016,0.049183077257695,0.016472963106201288,-0.0003849369130752481,-0.017796510243857908,0.006447640697499171,-0.053113709325735274,0.014761278526902866,-0.04009001427158166,-0.02271913171174509,-0.05193186710745999,-0.02697978470230159,0.006511191292267202,-0.06024447301767183,0.015303765823390502,0.010229597525085937,0.04328635923394546,0.14243243716442444,-0.06914455680753114,0.1372968684480268,0.051621268913476966,0.03809648798881816,0.2190236709369893,0.03604780909902801,0.1932120767236183,0.1898732197592033,-0.02834666694578659,0.023137149807731155,-0.05046994578338766,0.042898032132467616,0.08378479902837874,0.09472453716892718,0.8059794894261771,0.6614163535561047
sample3-NUSVR-nu=0.8-C=1,-0.015375818304602001,-0.005733689253025961,0.028737906673280775,-0.009912695610183604,0.009046215824080819,-0.011123006163945933,-0.01909364220458811,-0.0075242348073689585,0.09528294236963343,-0.025942038858263856,0.04458726291182491,-0.04630160736556642,-0.001511132861850915,0.04801253058425999,-0.06548682988249911,0.049957031724218844,0.01939580399347024,0.05450266122829129,-0.017076887243435517,-0.007254289435742633,-0.025267579215544563,-0.055206970500194706,0.05904214196802946,-0.020103349340093047,-0.11454464630411552,0.007737902902383288,0.040157026160585425,0.03662320846673455,-0.04218719136142235,-0.008136955950960473,0.011378582358160888,0.0491830772576947,0.016472963106201593,-0.00038493691307555907,-0.01779651024385784,0.0064476406974995435,-0.053113709325735246,0.014761278526902686,-0.04009001427158143,-0.022719131711745392,-0.05193186710745955,-0.026979784702301286,0.006511191292267127,-0.060244473017671885,0.015303765823390379,0.010229597525086108,0.04328635923394574,0.1424324371644254,-0.0691445568075307,0.13729686844802733,0.05162126891347666,0.03809648798881827,0.21902367093698985,0.03604780909902826,0.19321207672361884,0.18987321975920382,-0.028346666945786914,0.023137149807731246,-0.050469945783387635,0.04289803213246769,0.08378479902837888,0.09472453716892773,0.8059794894261779,0.6614163535561041
sample3-NUSVR-nu=0.85-C=1,-0.015375818304600946,-0.005733689253025756,0.02873790667328016,-0.009912695610182607,0.009046215824081083,-0.011123006163945804,-0.019093642204587286,-0.007524234807369038,0.09528294236963394,-0.025942038858263818,0.044587262911825506,-0.04630160736556682,-0.001511132861851149,0.04801253058426021,-0.06548682988249965,0.04995703172421898,0.01939580399346997,0.054502661228291636,-0.017076887243435788,-0.007254289435743093,-0.02526757921554492,-0.05520697050019386,0.059042141968029455,-0.020103349340093245,-0.11454464630411429,0.007737902902383444,0.040157026160585745,0.0366232084667347,-0.04218719136142173,-0.008136955950960995,0.011378582358160493,0.049183077257695086,0.01647296310620106,-0.0003849369130749737,-0.01779651024385794,0.006447640697499081,-0.05311370932573495,0.014761278526902526,-0.04009001427158139,-0.022719131711744295,-0.051931867107460054,-0.026979784702301658,0.006511191292267644,-0.06024447301767143,0.015303765823390754,0.010229597525085975,0.043286359233945915,0.1424324371644249,-0.06914455680753066,0.13729686844802724,0.05162126891347744,0.038096487988818206,0.21902367093698932,0.036047809099028036,0.19321207672361831,0.18987321975920313,-0.028346666945785925,0.02313714980773106,-0.05046994578338702,0.04289803213246689,0.08378479902837845,0.09472453716892697,0.8059794894261771,0.6614163535561044
sample3-NUSVR-nu=0.05-C=10,-0.015391047372737426,-0.005723285096327175,0.02872165699698802,-0.009902500727006108,0.009027317265146311,-0.011118274769058193,-0.01907363075695295,-0.007471084558930429,0.09523761912615392,-0.02590839314548083,0.044609279349937046,-0.046281236892530754,-0.0014775261460477076,0.04798993578374589,-0.06544454435551432,0.049933838117397225,0.01937367941189246,0.054463308005918254,-0.017032135709722923,-0.007234147647707602,-0.025255770987554334,-0.05516078831598793,0.05901498754725627,-0.020103907381436276,-0.11446772004423544,0.007737581413542811,0.040159903109902306,0.03660596131219268,-0.04216336097494256,-0.008115419825632502,0.011339502833940793,0.0491179533346133,0.016407327317324177,-0.00039950132021520637,-0.01776523805836287,0.0064266396683555285,-0.053107435884236706,0.014783764020426573,-0.04007516560494556,-0.02271774853014462,-0.05188677058088634,-0.02694934753733699,0.006468192521900116,-0.060233790701941216,0.015261993168601072,0.010254684125469761,0.043288799664376355,0.14237415680590493,-0.06907231432686742,0.13727881181504542,0.051605377909495063,0.0380992736581866,0.2189491761278557,0.03605670429407149,0.19315017510700952,0.18980914144576563,-0.02833980718763395,0.02312045761591065,-0.050463738631251996,0.04282637993512888,0.08379290713833468,0.0947653685999162,0.8060068491303212,0.6613763523125467
sample3-NUSVR-nu=0.1-C=10,-0.015391047372736824,-0.005723285096327902,0.028721656996987664,-0.009902500727005875,0.009027317265146302,-0.011118274769056802,-0.019073630756953123,-0.007471084558931011,0.09523761912615435,-0.02590839314547992,0.044609279349936984,-0.04628123689252899,-0.0014775261460481376,0.04798993578374557,-0.0654445443555123,0.04993383811739692,0.019373679411892906,0.05446330800591873,-0.01703213570972301,-0.007234147647707278,-0.025255770987554726,-0.05516078831598861,0.05901498754725777,-0.02010390738143597,-0.1144677200442386,0.007737581413542166,0.040159903109901696,0.03660596131219377,-0.04216336097494306,-0.00811541982563304,0.011339502833942163,0.049117953334614155,0.016407327317325342,-0.00039950132021539155,-0.017765238058362987,0.0064266396683548555,-0.05310743588423495,0.014783764020426339,-0.040075165604945145,-0.022717748530144737,-0.051886770580886005,-0.026949347537337416,0.0064681925219006176,-0.06023379070194131,0.01526199316860011,0.010254684125470426,0.04328879966437556,0.14237415680590496,-0.06907231432686846,0.13727881181504503,0.05160537790949482,0.03809927365818657,0.21894917612785547,0.03605670429407111,0.19315017510700927,0.18980914144576558,-0.028339807187634666,0.023120457615911208,-0.05046373863125186,0.04282637993513267,0.08379290713833562,0.0947653685999165,0.8060068491303194,0.6613763523125488
sample3-NUSVR-nu=0.15-C=10,-0.015391047372737533,-0.0057232850963260746,0.028721656996989548,-0.009902500727006462,0.0090273172651466,-0.011118274769058165,-0.019073630756952363,-0.007471084558930246,0.0952376191261517,-0.025908393145479908,0.04460927934993745,-0.046281236892533814,-0.0014775261460465198,0.04798993578374628,-0.0654445443555131,0.0499338381173977,0.019373679411893024,0.054463308005918615,-0.0170321357097223,-0.007234147647707075,-0.025255770987553966,-0.055160788315988106,0.05901498754725626,-0.020103907381436203,-0.11446772004423249,0.007737581413543213,0.04015990310990209,0.0366059613121923,-0.04216336097494288,-0.008115419825632663,0.011339502833941523,0.04911795333461281,0.01640732731732236,-0.00039950132021557543,-0.01776523805836213,0.006426639668355314,-0.05310743588423706,0.014783764020426735,-0.04007516560494598,-0.022717748530145417,-0.05188677058088621,-0.026949347537336688,0.006468192521900956,-0.06023379070194115,0.0152619931686011,0.01025468412547008,0.04328879966437686,0.1423741568059042,-0.06907231432686871,0.13727881181504561,0.05160537790949498,0.03809927365818719,0.21894917612785517,0.03605670429407272,0.19315017510700921,0.18980914144576524,-0.028339807187633462,0.0231204576159117,-0.050463738631252156,0.04282637993513002,0.08379290713833291,0.09476536859991586,0.8060068491303197,0.6613763523125479
sample3-NUSVR-nu=0.25-C=10,-0.015413754678146398,-0.005740172021284296,0.028760324430858374,-0.009911635077244513,0.008996054543619307,-0.011124199208609927,-0.019078689813664024,-0.007505283738862672,0.09525384433533722,-0.025915186448581342,0.04456894168733085,-0.046220491603626554,-0.0014850952241626766,0.047973624659303764,-0.06545421744339511,0.04993058465423886,0.019386079121396674,0.05446193142855187,-0.017046853075838433,-0.007216098247119919,-0.02522937540470468,-0.0551569875415087,0.0590114545023692,-0.02009201115702241,-0.11453111991936467,0.007748961627493349,0.04016347979486302,0.03660868266918987,-0.042129311739098056,-0.00807365072294894,0.011324641510858427,0.04910992257338205,0.016435696077605273,-0.0004012140624347158,-0.017767501144180627,0.006467520839595355,-0.05309624425123996,0.01474484577683416,-0.04004861754195881,-0.022704121441949988,-0.0518842107292563,-0.02694261518618761,0.006482938403869662,-0.06024172627114665,0.015232120739172166,0.010262180077652797,0.043308138330464443,0.14240900530525322,-0.06906655702758385,0.13730637296380985,0.05160748025818488,0.03809818706680263,0.21897113974536256,0.036056548008932224,0.1931706525676439,0.18982477568320352,-0.028336673652036275,0.023142254842638304,-0.05043946220557255,0.04280629530462964,0.08376538784444996,0.09478227898574931,0.8060168182142249,0.6613652854081425
sample3-NUSVR-nu=0.5-C=10,-0.015384764411094093,-0.005740079187814513,0.02873240544474761,-0.009919749892295502,0.00904363546422741,-0.011119707492423884,-0.019103100345217987,-0.007529822864743139,0.0952891963843393,-0.025960796545524956,0.04457812177171728,-0.04630076971843699,-0.001510029708649117,0.04800437240934154,-0.06547932053961507,0.04995100277920252,0.019397579606310254,0.0544970331569863,-0.01707789477708703,-0.0072521269562351495,-0.025260152822324914,-0.0552131369482087,0.05904142013025526,-0.020090456431988746,-0.11454802938448361,0.007732416241754025,0.040151207558218195,0.03662588163175726,-0.04219072143813939,-0.008146540194405734,0.011375519190986574,0.04917974722361974,0.016495208404703653,-0.0003891377642178465,-0.017794312232961136,0.006448918377121564,-0.05310664348680537,0.014764159783934637,-0.040088414104817574,-0.022725344136741477,-0.051927578422565526,-0.026983433154230452,0.006503431696479811,-0.06024529003590466,0.01532256445324758,0.010235186301792099,0.04327297630194966,0.14243018699975502,-0.0691518982571963,0.13729358094016025,0.05161086957430198,0.038097568997602686,0.21902241970907746,0.03604234834547919,0.1932113674712158,0.18987579174653074,-0.028358484753625356,0.023133480030290757,-0.05046386695993295,0.042897810474734475,0.08380231273778582,0.09472795789189865,0.8059930208763308,0.6614082624368692
sample3-NUSVR-nu=0.6-C=10,-0.015384764411091628,-0.005740079187812681,0.028732405444748796,-0.009919749892293859,0.009043635464228983,-0.011119707492422842,-0.01910310034521815,-0.007529822864742773,0.09528919638434148,-0.025960796545522764,0.04457812177171751,-0.04630076971843473,-0.001510029708649495,0.04800437240934202,-0.06547932053961598,0.049951002779203627,0.019397579606310947,0.054497033156987076,-0.017077894777087457,-0.007252126956235295,-0.02526015282232521,-0.055213136948208105,0.0590414201302578,-0.020090456431991175,-0.11454802938448787,0.007732416241756551,0.040151207558217446,0.036625881631755966,-0.04219072143813852,-0.008146540194403624,0.011375519190991864,0.049179747223622394,0.016495208404703292,-0.0003891377642163908,-0.017794312232962437,0.006448918377124194,-0.053106643486806424,0.0147641597839343,-0.04008841410481616,-0.022725344136740187,-0.0519275784225662,-0.026983433154228974,0.006503431696481648,-0.060245290035904626,0.015322564453242244,0.010235186301789994,0.043272976301948596,0.14243018699975563,-0.0691518982571951,0.13729358094016003,0.05161086957430401,0.03809756899759956,0.2190224197090801,0.03604234834547671,0.19321136747121814,0.1898757917465326,-0.02835848475362507,0.023133480030289595,-0.05046386695993582,0.04289781047473631,0.0838023127377847,0.09472795789189975,0.8059930208763271,0.6614082624368733
sample3-NUSVR-nu=0.75-C=10,-0.015375818304599168,-0.005733689253020363,0.02873790667327753,-0.009912695610181517,0.009046215824088426,-0.011123006163944817,-0.01909364220458546,-0.007524234807361755,0.09528294236963392,-0.025942038858261584,0.04458726291183254,-0.04630160736555254,-0.0015111328618461208,0.04801253058426768,-0.06548682988249721,0.04995703172422429,0.019395803993472578,0.054502661228295696,-0.017076887243430535,-0.0072542894357410185,-0.025267579215543907,-0.055206970500193145,0.05904214196803227,-0.0201033493400893,-0.11454464630411222,0.007737902902385502,0.04015702616059011,0.03662320846673725,-0.042187191361425146,-0.008136955950960338,0.011378582358163539,0.04918307725770083,0.016472963106202578,-0.00038493691307303895,-0.017796510243852898,0.006447640697498624,-0.0531137093257358,0.014761278526909888,-0.0400900142715819,-0.022719131711747345,-0.05193186710745579,-0.02697978470229702,0.0065111912922658464,-0.06024447301767135,0.015303765823392351,0.010229597525085201,0.04328635923394703,0.14243243716442033,-0.06914455680752829,0.1372968684480203,0.051621268913475675,0.03809648798882177,0.21902367093698324,0.036047809099031165,0.19321207672361151,0.18987321975919866,-0.028346666945788187,0.023137149807730708,-0.05046994578339072,0.04289803213247226,0.083784799028384,0.09472453716892718,0.8059794894261566,0.6614163535561246
sample3-NUSVR-nu=0.8-C=10,-0.015375818304596603,-0.0057336892530215665,0.028737906673277844,-0.00991269561017886,0.009046215824087305,-0.0111230061639437,-0.019093642204583525,-0.0075242348073633536,0.09528294236963608,-0.025942038858259676,0.044587262911833035,-0.04630160736555585,-0.0015111328618487947,0.04801253058426535,-0.06548682988249939,0.04995703172422226,0.019395803993469993,0.054502661228294905,-0.01707688724343205,-0.00725428943574372,-0.025267579215546475,-0.0552069705001917,0.05904214196803147,-0.02010334934009291,-0.11454464630411454,0.007737902902385019,0.04015702616058878,0.03662320846673598,-0.04218719136142272,-0.008136955950961361,0.011378582358162392,0.04918307725769972,0.01647296310619973,-0.00038493691307135605,-0.01779651024385611,0.00644764069749775,-0.053113709325735003,0.01476127852690729,-0.040090014271581154,-0.022719131711743255,-0.05193186710745953,-0.026979784702299735,0.006511191292267885,-0.06024447301767036,0.01530376582338839,0.010229597525086315,0.043286359233947864,0.14243243716442247,-0.06914455680752829,0.13729686844802466,0.05162126891348024,0.03809648798881929,0.21902367093698757,0.03604780909902993,0.1932120767236156,0.1898732197592017,-0.02834666694578442,0.0231371498077319,-0.050469945783389196,0.04289803213247007,0.08378479902838154,0.09472453716892767,0.8059794894261615,0.6614163535561189
sample3-NUSVR-nu=0.85-C=10,-0.015375818304599368,-0.005733689253020266,0.028737906673278402,-0.009912695610181725,0.009046215824088464,-0.011123006163944973,-0.01909364220458534,-0.007524234807361771,0.09528294236963394,-0.02594203885826126,0.04458726291183276,-0.046301607365552624,-0.001511132861845907,0.048012530584267736,-0.06548682988249714,0.04995703172422439,0.019395803993472658,0.05450266122829588,-0.017076887243430316,-0.00725428943574097,-0.025267579215543894,-0.05520697050019351,0.05904214196803229,-0.020103349340089356,-0.11454464630411237,0.007737902902385526,0.0401570261605901,0.036623208466737195,-0.042187191361425264,-0.008136955950960227,0.011378582358163537,0.04918307725770068,0.016472963106202387,-0.00038493691307295405,-0.017796510243852953,0.006447640697498827,-0.05311370932573599,0.014761278526909432,-0.04009001427158193,-0.022719131711747578,-0.05193186710745609,-0.026979784702297123,0.006511191292266244,-0.06024447301767138,0.015303765823392282,0.01022959752508533,0.04328635923394767,0.14243243716442036,-0.06914455680752882,0.13729686844802017,0.0516212689134756,0.03809648798882186,0.21902367093698305,0.03604780909903196,0.19321207672361126,0.18987321975919838,-0.028346666945787947,0.02313714980773151,-0.050469945783390695,0.04289803213247273,0.08378479902838389,0.09472453716892683,0.8059794894261557,0.6614163535561258
